title,link,pubDate
"PLTR, SOUN, or NVDA: Which AI Stock Scores Wall Street’s “Strong Buy” Rating? - TipRanks",https://news.google.com/rss/articles/CBMiogFBVV95cUxOWVhuWlE4SWp6OVVGZ1g1SkZSbEFNYVNWdEJkNnB3eEM0Vk9PcEYxWnJ6Yzh2UVZCcjRneVdfN2ZCUU1RZTA4RHFJVFZHT0pLcTFNWk1nWnRSbWRQSFk0c3NVWGwtOENUZEtXaEQ0ajRKUm11djBCcVNHWXEyblBZVGhFTWpjYkM3X1JVdnY2WUxvZnVNMmNFYWM1U1NMd3NkWGc?oc=5,"Sun, 04 May 2025 06:08:05 GMT"
"NVDA Stock Is Not “Fully Pricing in” Its Positive Attributes, Analyst Says - Yahoo Finance",https://news.google.com/rss/articles/CBMif0FVX3lxTE5pQzctY1NvN2NNZjBudlFXQmhrSm5HR24yc2FwUnpndTRUdkxGWmNmcm1GX05nT1NIZGhBX0dBNmpCUlNOVmFobHRfUm1FdGp6dUpxTXUyeUc2ZlFlMmZZcnliQ1NVb1FHMG01SzlpSVVnaDhJOXYyYUdMX0lCX1E?oc=5,"Fri, 02 May 2025 03:28:00 GMT"
NVIDIA Corp. (NVDA): Among Billionaire Chase Coleman’s Stocks with Huge Upside Potential - Yahoo Finance,https://news.google.com/rss/articles/CBMihwFBVV95cUxNeFhReGRFZVJMQU9fVFJJaF9OeE8xQ25taWZUVkE0Q2FqZndkNXZaLUV3OVE1TlFKZ2pOVG8zY0o4Y0hpS3RhTF9rc1lJQTF3bjVUd3pOWXc3RDFBcDdSWVpDUGRNcGlLc0hxLTFJZ1dFZk91eHVNdDF4QWpPM3JudHROSVota0E?oc=5,"Sun, 04 May 2025 21:22:34 GMT"
"Nvidia: Selloff Overdone, Huawei 910D Can’t Compete (NASDAQ:NVDA) - Seeking Alpha",https://news.google.com/rss/articles/CBMikwFBVV95cUxNaXhrYzFhSUZDSHlpZU9KelgweVc2d2JRSnpNZlRnNTFKS0VmLUlTdFJ0Y1NFM1YwZy13Nl9VWHpSM1hveGZSU0ZEcUlZa1pwWUh2bVltQ250cG10RGhTc2FjSW9weXdjaTVvVkFrSEN2SjI4ZUJ2bUYzcEVMdEYzWVIydmw0Q0FqNkt3VXJEcWFQb1U?oc=5,"Sun, 04 May 2025 17:12:00 GMT"
Prediction: Nvidia Stock Will Skyrocket After May 28 - The Motley Fool,https://news.google.com/rss/articles/CBMikgFBVV95cUxNZ2hhQ2ttWnh5NnY0UWlTbDI2aHVWaFRaNGh1M3BhdE5YbUhPTUFwRGo2Tm1ybU0zczloUjJ4MWxyYlpOUXZMZDR5cDBDcHY5RWdNS3UwM0NwMHlyZllvXzdKQlQtOFhJeFE5VHlwX1RfMXY1dEo0ZzRrOU1RVWFyWnRLRHZVaHJCVXBfLWx3ZUoxdw?oc=5,"Sat, 03 May 2025 09:10:00 GMT"
Jim Cramer Says ‘You Bet Against NVIDIA Corporation (NVDA) At Your Own Peril’ - Yahoo Finance,https://news.google.com/rss/articles/CBMifkFVX3lxTE92UzVpR2VPZnRpMFdIdnBBdFVZc0ZIUk55TDBwRTZLWDhvZFFTa1VfUHhhLTEtRk81dTEtWl85aV9kM1V5TGx4cER2MUhyNVVIYk9SQ2tsdElxT3lqSXJfWndTLXk0cGFoa0ZYMjNuUEVJVk1rWG90b042RTlPZw?oc=5,"Fri, 02 May 2025 11:52:42 GMT"
Nvidia Just Got Its First Sell Rating From Wall Street -- Should Investors Be Worried? - Nasdaq,https://news.google.com/rss/articles/CBMirgFBVV95cUxON0FFMks4X3FYbHlybDczZXVmcHhoUjRiT3VhWHROV3RjOE9uU0Zwc25Xa0lDV2NDcXIzbUdsQTV2NktZSWthQUhuN3JTUlkzV3pYdEg2U3g1ME16aTl2RW1fdDVid2lZZmRBX0FhUVd6Y2lPZWhIQnRIaFR4Y18zOFNhZEg5dDJzaGpmQVo3UkxaemVKN3V3SFFlbE1aRUxKQ3JUU3gtZERRVjdXblE?oc=5,"Sat, 03 May 2025 22:15:00 GMT"
NVIDIA Corporation (NVDA): Among Ken Fisher’s Technology Stock Picks with Huge Upside Potential - Yahoo Finance,https://news.google.com/rss/articles/CBMihgFBVV95cUxOOHpJTGVPS3A0R0VBTGNTaEVyZ3E1OGp4U2hWdFBUSV9UQlF1Y1dvQW50b21pcHFHRmZ3YzFvTF81MnlFOTRZT1hEemI1cFNtN0phd1ZHSm02X0JCYUg1TzMtbjk2eExMSGVueWFwYUYxUS14dGRuSjhHcGROZXdfelRvU09Hdw?oc=5,"Sat, 03 May 2025 14:46:28 GMT"
"Stocks making the biggest moves midday: Apple, Instacart, Nvidia, Block and more - CNBC",https://news.google.com/rss/articles/CBMipgFBVV95cUxNaFpmOWJYY1dDR3A2b3MtMEhVTzRINUVVSTMzbS02N0Y3VUd6ZEdvcndqaFdfcm5yWVk1QncwMlRaSnlTYUtoMHYzNTV0Y2JHUmxyb0wxbzUxUWhNUkRkRlZ1M21wUUNFV2JQYm5zX0l2QTVNMUd1QUhpWTVUUVdjVGpQRDBub3JLRXROVlNEenNWSi16LVY2bTNZNmF6dHVvWE83dmJ3?oc=5,"Fri, 02 May 2025 17:15:39 GMT"
US Weighs Easing Nvidia Chip Curbs on UAE as Trump Plans Visit - Bloomberg.com,https://news.google.com/rss/articles/CBMiswFBVV95cUxPeEsyWGdUNlc2eFJTQWxVMFg0cVY5UkR0T1cta091dnBaSlVER0YyQ3pjVEYyMUx5cDNmdERwXzAxNG9OSjlJT01YcDkxTm1RR1BTMDkzMHZXR2NRMXRPamFYX1N1RzZHS0hFWGYwSjVtMl9wbFZ6RnM4ZkFfUmdibW5NaDV4cnVjcFFRMXltRnpoQloyalc4dHY2UkVCRElEcng0ZWt1MU9kTTlxYjg5bFNxRQ?oc=5,"Thu, 01 May 2025 15:31:50 GMT"
Nvidia Jumps Past Key Level As Amazon Reports AI Spend Boost; Is Nvidia A Buy Now? - Investor's Business Daily,https://news.google.com/rss/articles/CBMiaEFVX3lxTE1FSmo2dE1hMUNPUWMyY0hydmpKdFlQQWpMUjVqTGlHX29nZDA3UFdmYU9tZjRtSVV4cWdBMkxBc0dIZkQ2eENRYmh2SzdPc0Y3cHhHNGliLTFoSktmQ29lTDFzTjlZM3BO?oc=5,"Fri, 02 May 2025 14:59:00 GMT"
Nvidia Stock (NVDA) On Red Alert as Chinese Heavyweight Huawei Unveils ‘Nuclear Level’ Rival System - TipRanks,https://news.google.com/rss/articles/CBMiwwFBVV95cUxNbUZUcjhySzI4VTZMMVJJeVlDUW1oUnRwcHlheUpOWktrTUVIVzhKaWxuNF9VcEY5UlpjVXB6cXllYkZxM1NwN0tXSENBLW0tcDRBYlVEYW83ZlBOLWVSM2RFMDI1S0xoQTlFYkVyRHN3NFMzT0tIcFE4TGMwZHNfNWt1MnJ1M0hOcHN3NkdNSG1adnpJWkd0aFJNVUFscGhoVHVnWmJZY0dYMHY2OU5YazBpUW1FRnRrV2dqLWpJQUIzbVE?oc=5,"Wed, 16 Apr 2025 07:00:00 GMT"
"Top Stock Movers Now: Nvidia, Tesla, Boeing, and More - Investopedia",https://news.google.com/rss/articles/CBMikAFBVV95cUxQWjcxRU83RzdQb0JVUGJjVUdIMXUtbzdkVmJrbE5KSEE0bkd3RURWS2QzNC1yVmxBVWt3LVRJY1BLU1hsNjQxSUl6cWhqamRpbGNWRE1GN1ZaeVA0Q3d0TFRmUm95bVJUUUpBRnFHVllVUUY4X0Y2SW05c1lKOENrU0ZseVk4c0haSUNHZWtSYnc?oc=5,"Mon, 28 Apr 2025 15:57:27 GMT"
Crypto and AI Are Converging — And Nvidia Stock (NVDA) Could Be the Biggest Winner - TipRanks,https://news.google.com/rss/articles/CBMirAFBVV95cUxNUGN1QjdBVmVCNVdKeDBzX3Y1Vm8wakNVMUJCTXlJb3h4SV9OaGNzSFhJTFRETl9fU25iMzJ0Z2p4WFpRSkVrNi1qOV83VktlMmNLNl96SnJ3TW1uZUpja19iVmQyVEMwQUN1QnZRZGJTQWRveVdlSWY3cWMzTzdDc0FfYXlqRnRaRTlKYmp4M2h1OGZhc0M4a0JOYmRrcnNfR2hkekxBdlBxd1pa?oc=5,"Thu, 01 May 2025 15:09:45 GMT"
"Dow Jones Rises Ahead Of GDP, Jobs Data; Nvidia Partner Super Micro Plunges On Earnings - Investor's Business Daily",https://news.google.com/rss/articles/CBMixgFBVV95cUxPd0dnZTNyZW9QSW5sOEt1Q3FpV29mb1FmUVZFVTZXRDRWU1h3bzZOcTBBOXdhN1l5Y3lyMEsydUxZM1V2dkhaNmRUQ181OTc1eThuVk9aRTNjc1UtWnE2VlBncE83NllkeVBubDdENzFyU0J3RDhIRnFmU0hpRFhoRDNUQ3I5V2xraHNjckw4YjZDN05GX0JBQ3Vpb0FRME5MRzFrNWNXc2x4dVBPYUhwQXVSNlJuSmFNbEZKam81bzVLbkF4dGc?oc=5,"Wed, 30 Apr 2025 14:02:00 GMT"
"Prediction: This ""Magnificent Seven"" Stock Will Be the Most Valuable Company in the World by the End of the Year - Yahoo Finance",https://news.google.com/rss/articles/CBMijgFBVV95cUxPSGo3cHZRRFI0UmpWcjVlZGpmaWp4aTV0bHB0S0hMM25CSktTaTVrYjR3UllncVZHNXUzckpZdGd6SkJTYzBJa2tYTDZsdlNhb1YtOFhBcjMtSW5laE5OdGVuVWVSYjVVUGNwUG5mYzFlajFOOVpZVTQ0cUVZWWZlUmRic3ZVaDNZbXNRY21n?oc=5,"Sun, 04 May 2025 09:52:00 GMT"
Nvidia (NVDA) Stock Slumps as ‘Significantly Better’ Chinese Rival Huawei Woos Customers Hit By U.S. Export Curbs - TipRanks,https://news.google.com/rss/articles/CBMi1AFBVV95cUxQMzZaaUpzclFYaTlpbng2ajItSTNoUk83VE5yZWU4LU9scGM3eFJiZUxNQUtPNVlPMk5CRTFXamdIRTZ3dUFkc2pVWGVWeGdxcU5NY2VCek5yVWkxRnFMWldDQmZwZ3BRdmw3TktiQVVfbFJFeFZOaHY3cEtCZ1N4VHVfeUY3NWdMTG5WWkhUSURXNW9DUkVWUUNBYXlVeFdXd1BDOFZCbTdFVngwRzQyX3VrVUk4SnVvSnpSSmY5YWhZS3pJYm1ydGZMTWU4bnlrcDRYNQ?oc=5,"Wed, 30 Apr 2025 10:49:14 GMT"
Jim Cramer on NVIDIA (NVDA): ‘It Will Only Get Worse’ - Yahoo Finance,https://news.google.com/rss/articles/CBMifkFVX3lxTE9hUldKYXV3b2o0RHZyamdVdGowU1hUZHExbVRadzhaOHR1N2hMQ0VmNlVrWmNIdzliNUNWNFlocnBNcFk1UXBxLS04VURFQS1kX2prV0E5Qnd1VU1WUkxhRzdtN0NaNzFLOHpxUmdXRzNlTmxCZUlwU1FWb2JPQQ?oc=5,"Thu, 01 May 2025 13:55:01 GMT"
Jim Cramer Urges NVIDIA (NVDA) Holders: “Don’t Be Shaken Out by Wall Street” - Yahoo Finance,https://news.google.com/rss/articles/CBMif0FVX3lxTFBQOC1raUYzMW5FZlpMWDF0UV8xeXpIT1lmT04xNnh3TEo2MVJHS2F1SmFTUmpCbmItREpWOFJBa2J5MlhsNnNsUERxeTJwWEsxZDRkTTl3S0hkQlRiWnZIWU0yaS15VHVKLWRGd3JERGt5REhWY1pDREJxZUFJa3c?oc=5,"Mon, 14 Apr 2025 07:00:00 GMT"
Is NVIDIA (NVDA) the Best NASDAQ Stock to Buy According to Billionaires? - Yahoo Finance,https://news.google.com/rss/articles/CBMigAFBVV95cUxOOTUxOERTMDVLbEhEUTMtd1pqNHBZbE1VSG1ycVNPcU0tVW9VbDE4SF9pcFU1U0xCNjlnd0tWRjc0a0xKRUFaV2NlYnVKNEFvdVNhQ3JQSXZwaFYxaS1kcFRac19BM0xNQ0M0UHhfcVl4UGthZGJmTWFsdlJLR2lxRA?oc=5,"Fri, 02 May 2025 19:15:38 GMT"
Stacy Rasgon Says NVIDIA (NVDA) Will Sell ‘Everything They Can Get Out the Door’ - Yahoo Finance,https://news.google.com/rss/articles/CBMigAFBVV95cUxPQXBSTHFHMWFnckZCcll5Y3poeGhPME1CVjhzbk52OTAweWltdkl5R3VKZlcteHdOeEZfc3NXcjdPV1FnN1ZfMFV4OW82VWE4bGlGMWZXS1U4MzJsM2JGQkhCd09wS2Vfam8wUXFRalV4Q2dfUU5QZmU4ajRIcWNRQg?oc=5,"Mon, 28 Apr 2025 18:39:40 GMT"
Prominent Investor Is Kicking the Tires on NVDA for the First Time - Yahoo Finance,https://news.google.com/rss/articles/CBMiiwFBVV95cUxOREYzR1hrLXBuSXdQeDE4UG9fVG5rLWRjWDBFTFJ4TmtqSk10VEl5MkEtNWZTTXowaEJOby1OTmtZdjRRVFJtNl84MkI2elBHb0hZUTBxelJCME9fU3lGejFMTDZDenEwa3B6cXR3TXc3Ty12b1hKWXNjckpVUVoxNXpLZ2NvbTNrekNF?oc=5,"Wed, 16 Apr 2025 07:00:00 GMT"
Is NVIDIA Corporation (NVDA) the Best Growth Stock to Buy for the Next 3 Years? - Yahoo Finance,https://news.google.com/rss/articles/CBMiiAFBVV95cUxOSUliZGZSNG1EQW5FdVdPRHRRQ0tfaFluQlZtZDdwR0hTUjhNU0gtaTRLdXJuOG9STml4VFFzZDd3TzBFUUo5NXpINmNsbnVVUVpNYWdUQjlwb1ByeU9kVUZ4M1Zxc0xObm5GcXVoa05WNlZNOVRubmhKZGN5dDB0Ums2REpDTDJQ?oc=5,"Thu, 01 May 2025 09:15:02 GMT"
"Nvidia (NVDA) Advances, AMD Eyes Gains: Ruben Roy Sets the Stage Ahead of Earnings - TipRanks",https://news.google.com/rss/articles/CBMirAFBVV95cUxQNXI5Wkw3anRZb29wVzg3Wkw3QjFqQ1NSd0Q5UXE4eUFIYUkyNWNQWWE2RFNqbkVYZkRNTGFSVGZtLW5RQ2RhdkhfYkQwMHpuSzAzTjNDOTYzcVpqdGxCejVuZlZJbkZ3Zlp0QTQzUGJhTnJmY2I5UHVZclBXQXc5aTRyWnZSWkZrN0JnSkxSSHQwS3dLMGVVTmdSUTV1TUg5ZjA1YWhEQ2lPUDE2?oc=5,"Fri, 02 May 2025 15:43:47 GMT"
Is Now the Time to Buy Beaten-Down AI Stocks? - Yahoo Finance,https://news.google.com/rss/articles/CBMiekFVX3lxTE1jXzBLak9PalhEamUxM18xcWQ3Y0RDTUVFVHQ5Nk1WMXRJbUEwQWZxbUFRTWp5MDE5UW9oNzQ1ZTljMmJTd21leVJpTTZmMktiVEZxWnNZZWNCRGFBSW5TSG9IQ244aENibzJBbDdTdVhaWVhqbFplOW13?oc=5,"Sun, 04 May 2025 19:15:00 GMT"
It'll Just Get Worse For Nvidia: Downgrading To Strong Sell (NVDA) - Seeking Alpha,https://news.google.com/rss/articles/CBMiowFBVV95cUxPSER0S21VMTBKZjV2b2pxOU94MjhBRllWRzdaTndMVklVSmdBZWpEV1hJRFl6dHI5Z05vc254NjlhbGNwNHA0N0JoNm5kNmVJWHNyaFpVcXM2VjhkNWJicG9rN01sY3Y5MEFab3NuT1RRVjN3SVRURHgyUFY1OFdYSVJ3NV92RTg4UEJtam1oSzV5Y3UxdkRXYU9wcGdQQ1RkRDk0?oc=5,"Wed, 16 Apr 2025 07:00:00 GMT"
Nvidia: Time To Go All In (NASDAQ:NVDA) - Seeking Alpha,https://news.google.com/rss/articles/CBMie0FVX3lxTE1yWnU4R1B0MFNxVHJUZHhYOUlrWTJUNHIzQzUyc2FxWEhxWmhuai1FZWs0Y2hRV3phZzR0aUdYQjFzaGpweWJaSHp3WHY2TTlSeEhMdWZNNVdzbFB5Yk9aclh4enNxY2dSZWVkQUF0Q2ZPMU9qNmxqUGhqOA?oc=5,"Tue, 29 Apr 2025 16:00:00 GMT"
Is NVIDIA Corporation (NVDA) the Most Profitable Blue Chip Stock to Buy Now? - Yahoo Finance,https://news.google.com/rss/articles/CBMijgFBVV95cUxNcEt5VWZvWV85bXptNzRoRUIxSmRXV0JfS2hjbzN2ZlRvVUdmcm9CYi0xZTZvd0FJNjZWV0F4cHNxekI1TVZaUHdKN01UVEx5Y0YtcVFpLUtnNUxTM0g0bURuZTJrS0N5Ynpsb3ZvU2xjU0hwV1U3SU5HeVRidHhZTE5vQUxDRjNVallEWkx3?oc=5,"Mon, 28 Apr 2025 16:48:21 GMT"
Is NVIDIA Corporation (NVDA) the Most Profitable Growth Stock to Buy Now? - Yahoo Finance,https://news.google.com/rss/articles/CBMijgFBVV95cUxOalhnSWEwaUxpckFKMUx0OTc1amowc0N3eXg3a2V2UmhMM1JaMVdBMGQ1eVY4eFJUdFlsTDM1YjZETWZBaGxDWVVZR082NUc0a2s1YUxCRGJVclRmMlRyUm1DWTAzQUVWb29jXzNxZTFXS05OUXJRUlF3R0tSUlp5bzlzbl9TdzFVZGY0SXB3?oc=5,"Thu, 01 May 2025 07:53:00 GMT"
Josh Brown Explains Long-Term Threats to Nvidia (NVDA) - Yahoo Finance,https://news.google.com/rss/articles/CBMigAFBVV95cUxOQ3VUTXRDMkVmVW05MEdsZmJIcTJYVzhEN0Q1cGFORWpHN0dvZlhCLUZEeWVPbTBQSmlfMm5ORmxJaWdvSTIxcUJEcVh1NVlpMUVFcExELXRhcExxWHlCT3RfS0kxWlRFWjgyeTBEeDVoeTZ2N09kLXFHdF9mN2JkWg?oc=5,"Thu, 24 Apr 2025 07:00:00 GMT"
What Are Wall Street Analysts' Target Price for NVIDIA Stock? - Nasdaq,https://news.google.com/rss/articles/CBMikAFBVV95cUxPb0NEeWROQzBlalFHTk1iY18xTGdOcXExaS1GRUtYVHRQUXVKcVQ0X2RwVUpkc2VTbFI5OWNabUhrRzhQaTBEVG9TbzhqSXkwN3BfcU1tU3JJSTdBNGJjME1sNDQ2Sm15cVZScm5DTWxiOGZHdjBlbEs1cVZSVnBFUGh5bm5oVDJTR3ZkU0RFTGs?oc=5,"Thu, 01 May 2025 14:28:00 GMT"
NVIDIA Corporation (NVDA) Price Target Cut to $125 Amid Rising AI Capex Uncertainty - Yahoo Finance,https://news.google.com/rss/articles/CBMiigFBVV95cUxNZ3dyRnJIRWNpa2c2QXRiN2RQRWxlbEhCclBSdEZhWHFaamJIZ3NWcngyRlN1N2I1UVdsS2pkWmEzaS1RT2hRNExibEZ2cFNpbjFMc2lBV2l3R2g0WDZFMnotZTJxdC1kc1hRMF9UR3pmQVRfanoydEtxNG5QQ0ZGdXhWY2hySFVBQVE?oc=5,"Sun, 27 Apr 2025 11:14:51 GMT"
Analyst behind Nvidia's only Sell rating names top AI stock pick - Yahoo Finance,https://news.google.com/rss/articles/CBMihgFBVV95cUxPRW5RY0NxNnRaWlhvZlZGaFpfcGxOcmR0dTVSNUYzWndFOFByVHBOdHVzSFl0VXVEaE9HejB1cVZOUHJqaUJVRWpZUXRySDR5OUVGakt1QlNBREdTdFdhdmF2b0RZOVE3ckJKY2xFY3hma2JvZ3otWTlsZE9vWDR0cklaazI4QQ?oc=5,"Thu, 01 May 2025 20:57:03 GMT"
NVIDIA Corporation (NVDA): Plans $500B AI Server Push in the U.S. with TSMC and Foxconn - Yahoo Finance,https://news.google.com/rss/articles/CBMihwFBVV95cUxPeDA3emZEU0d5ME5MTndxb3VRYkJ6OUVES0kwTDVjU255aG44cmVDaGZyOENEWE13em9Sb3gxWjktWHFLVmtSam9hR29uSkljQmVxYnZyR3k3RGhHSjFDRkdLS2ozU2dodnd2aVpOX2FuaXJ2eXNhRkdYTDhXOVNDM0NRZEFwVE0?oc=5,"Tue, 15 Apr 2025 07:00:00 GMT"
Nvidia: Headwinds Are Mounting - Sell (NASDAQ:NVDA) - Seeking Alpha,https://news.google.com/rss/articles/CBMigAFBVV95cUxPZnJCMF8zLXhfcXl3ZmZFSEVQTkhQUGc0MkhoaFl5SE5BWE5tRjQxTXduOFhRQlQ2aWUzRllLaDlOTUozeXotMEgyZDN1cGpWQlotNk10OHFJcU5pT0VLYTVxNVk1WUdhQmRfUUx5V2ozMV82YjJIRlVMSUZOWDl4Mg?oc=5,"Wed, 16 Apr 2025 07:00:00 GMT"
NVIDIA Corporation (NVDA): Is the AI Hype Overpriced? Seaport Initiates With a Rare ‘Sell’ Call - Yahoo Finance,https://news.google.com/rss/articles/CBMigwFBVV95cUxQWS04VzFuMGZ0VEJ5RUNJV2tmeWxvZjdXSkVPU2dqWWU2SHZYckdhbkNNSjJIUm9QNlFPak8yYWVpTWZTZUNRWmJUZ1BBZUpMNUJpOUVhWE8yQmJHNHduTHQ2R2lNRFdTMzl0UFVVZ3FUZ0ZQWXBQRE13YWMyd2RWR29KYw?oc=5,"Thu, 01 May 2025 00:22:00 GMT"
Nvidia Stock Surges After Hours: What's Going On? - NVIDIA (NASDAQ:NVDA) - Benzinga,https://news.google.com/rss/articles/CBMiogFBVV95cUxNdWZDUi10amp0aDZBaURMWlNVWUZqeFRqMDZ5bHdpNHlDeld5NDEwOEgtTkd6WXBqS0xpV1ppN0pLbE5XR2hSUVhzZGpvWTB5MkFqTEsxSnBoOGVMQXNBWUJrcHR2ajI2WUVJblFjMUUxNGl5SjNiM3doSXdhMHFLaUhVTXE4VlZtOGpiamZvY3ZIVlUwV19OVHo1SW55ajlrekE?oc=5,"Wed, 30 Apr 2025 22:14:10 GMT"
Is NVIDIA Corporation (NVDA) the Best Augmented Reality Stock to Buy According to Hedge Funds? - Yahoo Finance,https://news.google.com/rss/articles/CBMijAFBVV95cUxOQ0RqTVJfWTc2V3A4Mmw4aExES0t4VThpTnNXYVZVb3Y2VXRNNWxpTF9CMWlQNlVKOW8xY2Q4azV3WkZZY1dieDRkLUpyZDRSbTRUckV1elhuR2RTSjcwcV90Y1NLQkUyUG41NElvQ0x6WjdzbzZDNG4zYTMwamppaGQxVS1MMTNCcVk2cQ?oc=5,"Thu, 01 May 2025 09:37:16 GMT"
Jim Cramer Says NVIDIA (NVDA) Stock Isn’t Cheap ‘Unless Everything Goes Right’ - Yahoo Finance,https://news.google.com/rss/articles/CBMifkFVX3lxTFBKVVB2Y05laU5CTmc4bzFUVU81VUtVWjlwNUlBOXl1bkNZUmhEbk14bVJRZzBPYW9FMDF2TzRLQlNEdU5rZmR2OHUtVHYtRWFXcTVIX3VpVGVhR2hLX3B6OTY1cV93WUtyNllvTnExajN5ZHd6RnpiWVljcTc4UQ?oc=5,"Mon, 21 Apr 2025 07:00:00 GMT"
Nvidia hit with Sell rating. Analysts say upside is priced in. - Yahoo Finance,https://news.google.com/rss/articles/CBMihAFBVV95cUxOZkpTS05QREZrN3VFM2tsc1hqRDVaQWl1cFhHYnpNUU5ScnB3UUNQcm0yT1BGQUVMMTgxaTY0bVU4cDRURDJJTUNjaE1QUzlfMUZjWnF6QlJnM1FEaUNRS052S2loNW1NWUwxVXlFZldvd29EVVlGVEE2OEgwLVE0ZEpkQjg?oc=5,"Wed, 30 Apr 2025 20:34:57 GMT"
Is NVIDIA Corp. (NASDAQ:NVDA) the Best Stock Under $100 to Buy According to Hedge Funds? - Yahoo Finance,https://news.google.com/rss/articles/CBMif0FVX3lxTE8tb2x2SHJjbkpLUV9aaGlYTWNNN09Ic21CQ2ZZQzVWdGJkTmEyVUFQY3VaQ2gyYWluMnpzOV9hb2ttOGVRTHpTUGRyVjNzSlcxUWRobWxUc2E3QlJnbnlrNlZRVlFaV2dMeUp3ZzBXZ1ZyMGRCMllaRGE2akN4ams?oc=5,"Wed, 23 Apr 2025 07:00:00 GMT"
Analyst on NVIDIA (NVDA): ‘Everyone Is Confirming Demand is Crazy’ - Yahoo Finance,https://news.google.com/rss/articles/CBMijgFBVV95cUxOMURxaHFuRWlIQllTT0xkQjRfTjA1RWh4dnVvR3dUX0lqeGpWLWpJTi0zVjZRaDcxOVJxVTJ0TmxndEN3YzNzNG5yQnpHbEFYUF9NUzhtRE90b2NxT2xsSFd6bmVrVG03UVBNWGxtNnluN0tsd0ZUM3hlVnJ1dXJERlV1anRJc0hZRW82NGR3?oc=5,"Sat, 26 Apr 2025 07:00:00 GMT"
NVIDIA Corporation (NVDA): Among Billionaire Cliff Asness’ Stock Picks with Huge Upside Potential - Yahoo Finance,https://news.google.com/rss/articles/CBMikAFBVV95cUxQUWpiSTlTclZlTmVZMFFkWjd5UVN5bGhOckc4U3NQUUpQc0x3c1VyRFJjSDMwRGxFb1hyUUlZWnRudG5XUXFvU0VfMzh5NFZ1TmtVeERyNVQxZE50UzZpSTM3Wm5obTB5TnlmR2lFQU1VRjA5MmV5V1dFSWR1RlVWZS1uQXFJN3RfNkhNOHFqUDk?oc=5,"Wed, 30 Apr 2025 15:22:46 GMT"
Is NVIDIA Corp. (NVDA) the Best Dow Stock for the Next 12 Months? - Yahoo Finance,https://news.google.com/rss/articles/CBMie0FVX3lxTFBiYzhNY2NmUHEwOWRCZzBaZUk2WGtlbzFsaE9iT1VJSWdxS0tFdFg2WnVHTzduZUdaVzdxc2NvWF9Hb01kZ3YzZ0NfM2MzNXU5UG41ZE82NldpTk5OMjRIa2pjUkxVXzJfUUxlNWJTSWI3ZC1MZjdGQ3FBWQ?oc=5,"Wed, 30 Apr 2025 18:25:04 GMT"
Nvidia (NVDA) CEO Warns China AI Gap Narrowing as U.S. Export Curbs Bite - Yahoo Finance,https://news.google.com/rss/articles/CBMifkFVX3lxTE5RcWpMRXBwYUVhY0Q3eU9MMkxFMzFtN2dKYWZwWHZNamhWNjFrZGdDRi1pYlBacXMwOWN1b2Z1Nnc1WmhyNXlxa01TWmpxRS1hN25DbmZydmhmYlZ2TWIyejJIejNLM2Y1eXgwNmJqcFRjVkJYZk1FTHVlaFM2dw?oc=5,"Thu, 01 May 2025 12:28:06 GMT"
NVIDIA Corporation (NVDA): Among Stocks That Could 10X Over the Next 2 Years - Yahoo Finance,https://news.google.com/rss/articles/CBMiigFBVV95cUxQZWRrejRFNG9xdWhlazA5a3Axb3RLZGNqSW90ZndpOUd4YjRaZXJrVWJFWnVCdEZucVJIbEhnQ3d2Z0d6Q3dpTUhnckVDY2hNak5NWFBnYWZVWGxteDFOSVdkZ2V0WHVmRXlvSDYwUElIZE9MeW10SVdTdmpUU1VkQWtGZFY1NHZ1a3c?oc=5,"Tue, 22 Apr 2025 07:00:00 GMT"
Why Two CNBC Panelists Were Very Bearish on Nvidia (NVDA) Stock - Yahoo Finance,https://news.google.com/rss/articles/CBMifkFVX3lxTFBidDVxTG9EcHItdGZ2eHlKeGlwY3Q3QmJoWTNMZnNIRXBxY3Z3Tl9HM3NCLTVZalluODVwTm5uaHdnbzl0eVJVdzV5Q0dMN2JpcUNKV2dTejRDTDAyOTVfNGJKanZRdUZ1Qkt3UGFTVEtfQ3NGcHY4ZDAtTUZ2UQ?oc=5,"Wed, 23 Apr 2025 07:00:00 GMT"
Why Nvidia (NVDA) Shares Are Getting Obliterated Today - Yahoo Finance,https://news.google.com/rss/articles/CBMiggFBVV95cUxNNzhKWlR6aGljWnFsaEZZNFJSU3hRZ2NqU2NlYjh2TDUtcld0Z0x4NjVESUlzeU9CQlQxN21ncW1mSF9HbmRhSG1EaHdScnc2YWRBZGs1YS01dnc2SGpzNGVhYkt4Z0dJeXh3OWt2Ry1PbXB3Nk5Dc0tCZUM1OGdhUVRR?oc=5,"Mon, 21 Apr 2025 07:00:00 GMT"
Nvidia (NVDA) Hit With Rare Sell Call as AI Buzz Looks Priced In - Yahoo,https://news.google.com/rss/articles/CBMif0FVX3lxTE42YWdaUFMyM0xGLTR6N2lZcnI4VzZzd20xaHRvSEJsWGhWMmxQaXR3RFBnUmNmQ1p3a3g1NkozZVRlZ1V3MEk1aHhLaThQelVlVUxNZWp0ekJnbm9zSENIZzgtZ2xHbVMzZ01IV19RWUVlckFGRjUyajl0T0dWRDQ?oc=5,"Fri, 02 May 2025 13:35:51 GMT"
NVIDIA (NASDAQ: NVDA) Price Prediction and Forecast 2025-2030 for April 29 - 24/7 Wall St.,https://news.google.com/rss/articles/CBMijgFBVV95cUxPWFhLNEJxUzdWZEhlaGhCZ0NKUEcxYTBMX3hGbTBuVVRiY1Bjc0pZQThfYS1SaTNGYndqWkxfemNVNDhaSkptQVpVc1U0blRsZERQbmI1aFItQUVaSklfazYxTFFtREFQdWRRT1hKUTlyR1FLSnFUUTU2blBpZlVDbm5lNUxtU1Rma2J4cHdB?oc=5,"Tue, 29 Apr 2025 16:07:23 GMT"
Veteran Investor Says NVDA Can Reach $130 After Earnings - MSN,https://news.google.com/rss/articles/CBMi0AFBVV95cUxNZVI1UXFyVG40c2thc21ER3dLcHlRTnhqX1NHQW9nOERxUHQ5ZnV4eVdIczhJb2Q0SGxMTWlvZXNTQWptb2hfQjdYblVONkJIR2dfX0luN245UmNIREhxY3JwYzZ4WFJ4OWpmSWRPdmhmNUhyeEoxMU9lTzBVT3R0TXNOOVVjdzZGa2cxRjN2YVJpcWEtV1FsRzFKX21hUk1OaUU5T1Z3TmtIZkgxWVlXRzJuUjlmeUJtcGc1RlRSYlVRUnFsQm02V2hQOTlFZ0NR?oc=5,"Mon, 21 Apr 2025 14:30:53 GMT"
Ultimate Insider Marjorie Taylor Greene’s #3 Stock Pick: NVIDIA Corporation (NVDA) - Yahoo Finance,https://news.google.com/rss/articles/CBMijgFBVV95cUxOeXRWYkNKeDhfM0R4VWRQSVQ2WmFJT1J6V1k5bVJRYVdGRHVMOEZNUlg0Snhsd21QMGtGeWxxMVZmYmNWWk1PWmRrT1AwSTVtYktVMkZ1VHF0RW5JR0pGMmNxZHl4enAyYmtJOEtSSkZuMnhsNG1Mc25CbFVOMGNDcTRwQ19KZDZiVkthVmpn?oc=5,"Wed, 23 Apr 2025 07:00:00 GMT"
"AAPL, NVDA Aren’t Safe Investments Now, Renowned Analyst Suggests - Yahoo Finance",https://news.google.com/rss/articles/CBMidkFVX3lxTE41REJYNER5V2g4MmNTbDBubnBPaXlnQVBwVV9yUGR4N3NKbF8wV21vTjhGNUk4dFJLV012UDU3TFRTZ2ZZRHl6LTV6M2p0SFZNTThTRnRoS1lVUzB0S0huTklOYmdaYTVEWEswQWNJTnBqYWp2RFE?oc=5,"Wed, 30 Apr 2025 16:38:46 GMT"
Jim Cramer Says NVIDIA (NVDA) Being ‘Punished’ for Doing Business With ‘Enemy Nation’ - Yahoo Finance,https://news.google.com/rss/articles/CBMifkFVX3lxTE9hcHJnak9QQnhGenUtSVdwTWs2M2VDbzZoQV9pMG5hT3J5QVFsMmFaNW8yU3ZFN2hDX1NTdlFaY3VHYXVSblVLRDdIdWV0M3dKb1Z4YUowR20wTzJSM2EtUGh0SnRvQmpyUzF0V3BORFN2TWZySWNvdnFDRXE0QQ?oc=5,"Tue, 29 Apr 2025 20:46:43 GMT"
"QCOM, NVDA, or AVGO: Which Chip Stock Is the Best Pick, According to Wall Street Analysts? - TipRanks",https://news.google.com/rss/articles/CBMitgFBVV95cUxQbnpKN2Q3dER1OHlTbng4d0lQRGF6akVaSWFGU3VodVJwTWNhcGhKSXhkS1pVb3kxUExSeGF0Z0paUmtyam1zQXg2OVczT1lPSEVxcDNCMHlGNXF6d0NPTk5vUjJlV3owS1FXalppSHNsMlJ2ZDBqRDVGMENtOFhZU0pLenRMSU9Tc0cySlI5QWkyaWppU2VEdkJzbGgxNjZhYlU1a0c2VTN2VUpDUXEteHBtRzdIUQ?oc=5,"Tue, 29 Apr 2025 13:31:38 GMT"
Is NVIDIA Corporation (NVDA) a Stock That Should Double in 3 Years? - Yahoo Finance,https://news.google.com/rss/articles/CBMiigFBVV95cUxNblRyTE5NX3lCekNnRnJ0ZUZIUlhoa3l5bUZYNGhnQXdLQ0xrcThoTGZ4NEhCX084QXJhZDdyd3pINkM2TnpyVkhCcHlERDY5UEZXbkloT1UzcXVqU3FXQWpoc1VUengwZ3lPQUhfWGxQY1liWDFYMmlVNmxtaGVYZWFsVzIzMjNpa1E?oc=5,"Wed, 30 Apr 2025 08:05:55 GMT"
"Top Investor Suggests NVDA, AMD Have Lost Pricing Power - Yahoo Finance",https://news.google.com/rss/articles/CBMiggFBVV95cUxQX1phVF92OTIyMW92RjRJTUU0T1BsS0VZZmRLRHF1UTNYRDhkRmFsZWUzNHpveTBCbThray1KcEtidDJhREVzeHFIOF9XbFplRTZERDVNcjJJRk01V3dVUUROS2ctaTFJcHdwU3Q0ZUNuaGFZT2FIZzhwaktMMDg4dzJR?oc=5,"Wed, 30 Apr 2025 19:57:53 GMT"
Is NVIDIA Corporation (NVDA) the Best Growth Stock to Buy According to Billionaires? - Yahoo Finance,https://news.google.com/rss/articles/CBMiiAFBVV95cUxOQ0k3WHcxVmlNanBPMm1fUEQ5b05FMjJWam9IZDk5NDRRUlF3c0VOYnJNajFHXzdDWTM1SUpVOFcxVVBScGZfZEduUjRlMzFERzg3SUpxellUQmR5aW85aVptRlpZQ0FFbUlxWk9lRWswdEt1WVEtNDB5OHZSNlFveTRIcEFydDY5?oc=5,"Mon, 14 Apr 2025 07:00:00 GMT"
Nvidia (NVDA) Blasts Anthropic's Support of AI Chip Export Limits - Yahoo Finance,https://news.google.com/rss/articles/CBMiiwFBVV95cUxPNk8wV3dXMUJCR1UyVEJhRFVqeGpGZDlzby01el81UzZDYUx0cGt3dXRBYXhiMjhNS0VpNld6dTRaN1E1TF9JZlpWbmliLW1CbGVFRWktcVBMLVBTamFqMnBRcmZreUFtdEt2RDAzWERtNXRCV3k0TldVNzFZS0dkbTR0VTZ6WU1XZVhV?oc=5,"Fri, 02 May 2025 13:13:28 GMT"
"Brad Gerstner Says He’s Buying NVIDIA (NVDA) Amid ‘Off The Charts’ GPU Demand, Secular Growth - Yahoo Finance",https://news.google.com/rss/articles/CBMihAFBVV95cUxORmRoVExKVU8wRjFQNlpWQ0VIa3VNV3A0TzlYbnRqSnZHRTliREFRZXJXZDVZN0lrRm11VXA1TFUtRkFxMzZrNERIOE10NlduYWRpNTFuNmJPTS1Tem5VYllDeGgtTk0zaHAxTmtONWZlS1VUYkdvc2hZbWJlM2N3QldUdDQ?oc=5,"Tue, 29 Apr 2025 23:30:26 GMT"
NVIDIA Corporation (NVDA): Cantor Calls Nvidia the Top AI Bet with Massive Upside Potential - Yahoo Finance,https://news.google.com/rss/articles/CBMiigFBVV95cUxNQWRiYXdYeEdpMERWSVhFNFJaYzhKckZzSnp6VmpOSEF0emdjQUgtSUVfcFZmcHd2Rzk2cXZDOGJMMlg3cENxaDdEVEM1V3VrOGwyeGNsMmV5UVpCUVpkaTRGYW5CckpHdm9HdXdjX2hEUGhPazJJWFlLVnBiT2xtdjdlM01PSUFWVXc?oc=5,"Sat, 12 Apr 2025 07:00:00 GMT"
Here’s Why NVIDIA Corporation (NVDA) Fell in Q1 - Yahoo Finance,https://news.google.com/rss/articles/CBMihAFBVV95cUxQX19BUVVIalZUS00yUUVGTVhOaldoQldSOU1jNFJrX05qRlVGVlhsS3RYTW9oYnF2NUxzMnBqSWpsUWNtVW1BNUFPeW1BMUZYTHdRMk1ZTHdqQm03VWh2QlNXTXdrWlczYVg0VmdaWjE4ZXB1bjgxazVFc1ZvaWNySVplZ18?oc=5,"Tue, 29 Apr 2025 13:21:08 GMT"
Watch These Nvidia Price Levels as Stock Slips on News of Chinese Rival's AI Chip - Investopedia,https://news.google.com/rss/articles/CBMiuAFBVV95cUxOVWwyMVYtRXRCZ3NRUWlRYS1ZYUI4Um1vTFNTWGIzaUs5Y0hmZ1RwZGI0Qld0VnlXQW9XOGQzMGQyOGdoTURHQ3V5NVNwb09CcWxqXzJORXo3MGF1RXVyV1A2Wkdna1ZTaGFvb0wySU9PVzQ2TEZrR25VSG1BN0ZWM1k5SG9EWlo5dGFENS0yN0VndFlwb1VLSVhRRkxFSVBnVXR5dFNETzJRQnh1MXlWSC1iSE5MNVJi?oc=5,"Tue, 29 Apr 2025 02:06:27 GMT"
The AI Rally Is Back. Should You Buy Nvidia (NVDA) Stock Ahead of Earnings? - MoneyMorning.com,https://news.google.com/rss/articles/CBMirAFBVV95cUxQSkFDUncyRjZkdEx3cXFFdnFycnc1Mk1SVFBrVzNvLUhSZThZMW5MaU5ZVzJkVkZYNlk5OHhENDE1S1BQdFY1a2lMR1VMTk5feEVtM0NDLXhqTy01dDZyUkdybnlDYUpUSjJnalVZd1k5anNFWE5Gd0lfQkl6SmtJdGM3dlN1WHFjQVNnYzlBMXF6dVZEQWpNSHJlOEl3YTh3ckZKTGpUM1FLMGpV0gGyAUFVX3lxTFBIT3JIa1V2QUE4QVQ3R3BEbV9nT1RQcG1jLTkweXI1RGlOWnJ1TGN6Q0oyVlQ1R3d6cWY2aGgxbHFSZklmODlZVlN6MFJDSmNQb0xENDg3b19JaG9kOTZCMlN6NmFQZ2QzaWZ5ZkRVWW1FaFBEUXdsUGpWWk5EMVlFRm1VckhDdVZVS2ZzXzV6RnZicXUtdzB5S1pvajRWanRsTUhmWnZFd2tWZVE2ODh3Vmc?oc=5,"Fri, 02 May 2025 13:30:37 GMT"
Is NVIDIA Corporation (NVDA) the Worst-Performing Blue Chip Stock So Far in 2025? - Yahoo Finance,https://news.google.com/rss/articles/CBMijwFBVV95cUxPWk9YSjRYcUdiTnNyVGlQVHNCLWRMT3NqZm1PVG8tNHVrREtKdzUzeW5JMXVhaFVRb0ZxUjdXMkwyQjB0Qlk4MlJ5OHd1UDB4Yi0ycEZjWlp6emFUVVJJT3VSNUw2NmdOX24tVU9EWlo1ci12c2NHOEJQcHZNc191Q2ZLUDctZUJzU1J3YmVmUQ?oc=5,"Tue, 29 Apr 2025 14:16:50 GMT"
"‘Don’t Miss the Next Leg Higher,’ Says Investor About Nvidia Stock - TipRanks",https://news.google.com/rss/articles/CBMilwFBVV95cUxNZWkwNnROcWgzaFl0MUdvQTVlTzJxV2U5Y1JUaFdsTXNvVmNPazlmb0FvSnNaU2dGM1NlbnJZVXd6Y20ya0lUWGRPcVR4ek84QUtvRVV1akRHWVRUcVZ0cTBjbjBHUldQMjROZlFqSWRmUHh6ZjFveWl4RXNqOWxoZXFxSF9FZ2FSQU5la01GSEdSaWVRdlQw?oc=5,"Fri, 02 May 2025 00:09:31 GMT"
"Nvidia’s (NVDA) Profits Could Come in Below the Street’s Outlook, Longtime Investor Says - Yahoo Finance",https://news.google.com/rss/articles/CBMiggFBVV95cUxPOWJLNWFfZE1kSC1wZTAyLU1DcFJGRzRkaW5Oc1NQc2tLUVJQdmp5YjJ3aW5ULXQ3V2tSNWJsM29jNjg5Z1VJWlU4eUNMNEs4OUxDN1ZSMFdyWWs0X25MX2tNZmlQSm1WVnZXMklVTWRqandmdG9Bdmh5MzhHdzlkZWVR?oc=5,"Mon, 21 Apr 2025 07:00:00 GMT"
NVIDIA Corporation (NVDA): Among Billionaire Andreas Halvorsen’s Stock Picks With Huge Upside Potential - Yahoo Finance,https://news.google.com/rss/articles/CBMikAFBVV95cUxQTmMtS2VoLUcxbFdhV3RmejVtUDVzYjZ6X2s0OUdSdVk3Q1FfbGlGTkVYVGV3UWN5aWRUck1UVktWWUFDTEx2Uzl2RmREQjFiUElkV0tVdlFQT0d2QVlNQ05DUVppcmtvZVd0NkJoZzh2Vld1U2RPenRhY0dYOUFyNGRpTHpWSGtEWHAycjRKTko?oc=5,"Tue, 29 Apr 2025 15:38:16 GMT"
Nvidia Stock: False Narrative (NASDAQ:NVDA) - Seeking Alpha,https://news.google.com/rss/articles/CBMicEFVX3lxTFBWOEFHUnBBckFJV0ZJWDVEOG50bElRc0tjLU4zdk5zNGY2TmJpYXBKZzFwT0k4SFhGelVHYjQ3UThBQmhFU0JxVV9QTGJ1N3RYamtIN0IzLXRBOEpWMGhtcnhZdWJkd0RPaDRHNkpCcFY?oc=5,"Mon, 28 Apr 2025 00:00:00 GMT"
Why Nvidia (NVDA) Stock Is Down Today - Yahoo Finance,https://news.google.com/rss/articles/CBMifEFVX3lxTE9BWC1SMmpKNk9iLWJFdlBQZHJ6ZnBwZ1ZkbkdwNjhGTmM4N3BfWVpwY0ZlRWdyNzZMUU42dFc1OFZfZ3dWQVZJQ0RXYm5EY3p2b09sQTNsRzcySE0yX29oZk5ERlkweUZSSXpNeUVBRklGbkNvNi1ObGZncnQ?oc=5,"Wed, 16 Apr 2025 07:00:00 GMT"
NVIDIA Corporation (NVDA) is Attracting Investor Attention: Here is What You Should Know - Yahoo Finance,https://news.google.com/rss/articles/CBMikwFBVV95cUxNOVBjVFhhTmt5SHEyY2NnVWF4dThZck9BSUxGbVh5Q1hmRkE1YVRzcmFoWlRlNFg4U1NqcUJkN19tWUw2WkFmd2VDaHF5clQtWDd6c2x4NmVZOG1GeGd1RUs4ZEFycWI2c0o5MGRVYk44NVpwUUJmeVhGcHRjeDFkX1VPaEdxa3MxQkNsS25WaGtXcGc?oc=5,"Tue, 29 Apr 2025 13:00:13 GMT"
Why Nvidia's Real Story Is Mispriced - Seeking Alpha,https://news.google.com/rss/articles/CBMiggFBVV95cUxPYkptcmhpdW1OWWV0c2tmSUFoaFQzejJNTWhpV2Yzc2VxX2FQbnFWd3czR0pqVzRfR0d0aEtXbkd5bDZZVTdlRWpLQkNOMm9tTUUwcHZRaGpZTlUzWDNXc2tWMGlJMkppNFBnMDFHZDRSQ2hLYVdWSXhWN21IU2tUU0V3?oc=5,"Thu, 24 Apr 2025 07:00:00 GMT"
Seaport Global Initiates Coverage of NVIDIA (SNSE:NVDA) with Sell Recommendation - Nasdaq,https://news.google.com/rss/articles/CBMipAFBVV95cUxNQ1JSaEpSQUlGYzJ4NHJGY29IbWlQcGExUk0xMGZsOTk2U1VRMGtUS3pWc1VnQzM3SnBZbWZ3U2Y1bVF1cDNOYUFUc0ZSYTlwczRDSzdpZXk4aXFwZ0hUQldVN1BJY0taSVo1ZzQzTkUzd2lOZU1MdEJaNUZ4UjZ4NkVsU3kwOWZ0TjRENXhoc2xDNFJFMV9Ha2daODlLbkl4NmNIeg?oc=5,"Thu, 01 May 2025 20:14:00 GMT"
Jim Cramer: NVIDIA (NVDA) Is “In All the Missiles”… But Right Now It’s “Just a Meme Stock” - Yahoo Finance,https://news.google.com/rss/articles/CBMigwFBVV95cUxQNUpWSXRFN2FwdHVlMkxoRHRMVjFLQWgxc2oxaVlKbUNqMlkteEJQYnQwa045M0xxNE9YNkFLRlhiaXZva2ZQRjZvTXg2OU9zVlc0Rjc3TnRvTWNLN2xGX1dwUEI4aEpLdi1QaEhTU0NQRnBxb2xSSWMwQ2ZHZE5sTkVsOA?oc=5,"Wed, 16 Apr 2025 07:00:00 GMT"
How Will Nvidia Stock React To Its Upcoming Earnings? - Trefis,https://news.google.com/rss/articles/CBMiswFBVV95cUxNSU93TVE5SkNyajVtRHJocnhCQjd0cnBzemJRdFRLRVRob3pfMU8weHFMLUNONXU1dm1icklEWXBRemhFdzhlcXduVG9XajBjem42eXYzcGJOVi1CV2FYTFRXQVhRRzBWY2lNTDRwdk13akZZd3ZrMGFvNkxoNW9JMnRxUUs5M1g4V0dCc2RteTA5dDRDdGZFckdQRXN1MlhiSWxRZTdMTHJxdy1EbHk2Y2d2Yw?oc=5,"Fri, 02 May 2025 12:55:05 GMT"
Dow Jones Opens Higher As Nvidia Slides On New China AI Chip; Tesla Extends Rally - Investor's Business Daily,https://news.google.com/rss/articles/CBMiugFBVV95cUxPQVFVNEpMRTdfU0w2Q1hyOXFrdlRxS053OHZZMk5TSEFyVmRFVjNEUl8tLU1KYkJZLVl1QW5FTmRpeWFPaUVIT0JidFVlc1JKT2xlTl8xbzB6OXlSR3MtMkVIVjA1NFpscnNwUm4tN2p3TndJcTh6dk96Mi1fQTFYMkZZaVRmamVick40bUVGUkVDa21FbE9Ga1NMeTgwYkNSUHNFb3AxazhVVi00ZEhjZzNwSTR0bmZPRXc?oc=5,"Mon, 28 Apr 2025 13:53:00 GMT"
Nvidia Corporation (NVDA) Stock: Wall Street Gives Its Nvidia First Sell Rating as Shares Rebound - CoinCentral,https://news.google.com/rss/articles/CBMiuwFBVV95cUxQM2lnV1dGZHcxTHdUeDNUbjRHUlAwVjZIamp5YWZFN2lxNFI5YUU5RUJfMDJLZHk0dkJTMHJKR0FQQUd5eGtGNXZYLXBZMTlkdEFIMTdtTGstVkxnRVlfRWduN2ZYSXNsWHNWQmtpc2s3Y1l0LW1XNi1HZTEyN2Y5bG0yLU5CQ3lYSVUxX0ZiMUV6bDRGNWxJOVM4YmxJRHRSOURBd1NPM3RaR1ByNzhncEM4S1dxa25QWFVz?oc=5,"Sun, 04 May 2025 15:03:37 GMT"
"PLTR, SOUN, or NVDA: Which AI Stock Scores Wall Street’s “Strong Buy” Rating? - MSN",https://news.google.com/rss/articles/CBMi5gFBVV95cUxOYXRFYkUyQ2JOSmp3QWt3U1NJQktHa2o5R1VYSGk2eURNQWV1UXlTQnhaUWxSSzZRTTl1Zy1lRExpU3UzV0phVWNVZUVQVTZTeHQxWC1YdW03bEF4QlBfa1p4YnF0U2RwOTlCTlFYYzI4VTJfalV4WVhaclJpN1d0M29yczhfUmJwY0pjTWxrcUhqclFOeFl5R2FpMWhnN3R3b1gyZkpTNXBMUTBVSEowTDEwYi0xRVJVX0RvNXZhSkd5QzBXbWl6UmlDUUFhS3hxZ0NuRUJDM1FGUjlSWE1yZzNYSTJWUQ?oc=5,"Sun, 04 May 2025 19:27:53 GMT"
"Stocktwits Announces $NVDA, Michael Saylor, Vlad Tenev, TradingView Among Winners of the 2025 Cashtag Awards Presented by eToro - Morningstar",https://news.google.com/rss/articles/CBMikgJBVV95cUxNcmluZlpBOFVuSl8tYld5aHUyUFNiUjNvUDJLcnlmZE5XbkxxNmx4Z1BXekhNeHc2RGRtU1pVVXdsWUxZc1pPYXBlaVBXd2dqcTg2WVp1ZEpGaHR0YUlJQ3J2alJLcU1JZnVGMFdreldYYjlLUURlUUNLVnVlVnZfdEFKbV9XbFRlZDJKa0w0UFBVVFd6N1lzTmszenlvWldrTWlmWmU4Z1d6U2wyUWw3VGNfN1RJNm56M0R2eDhkSnlaazZzMVFZLVpJcU1LdnFnVjVHY0dENXR3VjJLbEpNY05WVDhlaVBPUFV4SDZjbFlEZ2VIbUZzeFpBdjF3M3JfcHpsQ2RqMjJrdWc0SkRmVE13?oc=5,"Thu, 01 May 2025 12:00:00 GMT"
Dan Niles Says NVIDIA (NVDA) $5.5 Billion Charge Shows Demand Issues – ‘They Can’t Resell Chips Anywhere Else’ - Yahoo Finance,https://news.google.com/rss/articles/CBMifEFVX3lxTE1ySEg5VmxDZUlmbC12RVZzNUFTUlBYWGJtX1I2emxzV1lPUDEtOGNQYlNCbW9qU3FocUN5YmxzN2tPRVdSenlXR1lQaVZKMWRfTThqU01raUI0U1FxSWZuNEdQdTRtLWxfeXg1MGcya0FWUzV5VEE1YmdlZE8?oc=5,"Mon, 28 Apr 2025 20:46:50 GMT"
"‘Time to Wave Bye-Bye,’ Says Analyst About Nvidia Stock - TipRanks",https://news.google.com/rss/articles/CBMiiAFBVV95cUxNc2xaS1U0dl9GUzZ1c3lqMVlib2RhZnpqQnpMSFFHdjdaNlh4Q24tbF83TUs1VldPa1E4ZTZnb2NUSk0yUjlPOHpkblZYQU00MnBxYWhnbUpULUxaTjM5TDA3YllMN1F2a1AwVlZ4aHEycE5PVEZmMDg4MzZyV0NqdElVM2doLWV3?oc=5,"Wed, 30 Apr 2025 20:52:19 GMT"
"Amazon (AMZN), Nvidia (NVDA) Say AI Data Center Demand Remains Strong - Yahoo Finance",https://news.google.com/rss/articles/CBMifEFVX3lxTE5MVG5hM2NaM2ZOeTJpTHo4TmFrTUJ6RGY4bDFKWDdhaFVqZnlvSWZvZGFaZGctdVJyVFRKZTlQbTBESTNucGIxaE1oaUljUTZnV29UMHVwS2ZrVjV1U3NPUWxGbkRUbHl3dnBySE0wN0JMTWJGQjVRc1I1MjQ?oc=5,"Tue, 29 Apr 2025 18:25:16 GMT"
Is NVIDIA Corp. (NASDAQ:NVDA) the Best Tech Stock to Buy For Long-Term Investment? - Yahoo Finance,https://news.google.com/rss/articles/CBMif0FVX3lxTE9RS2dMbmo2X1lwQXYwVGdGNTFKQzFqNGlUX1pJMEc3XzZQY0ZHZzVGZ3FreVBjcEFaRDBnc01MUFpvZXVnTklyRlYxcDhMdmJGTHJraXJRRGxWRkcxVDdRRkFVMkQzWFVlVHpDem0xYnJRNE1FMm84LXVsYXlpNnM?oc=5,"Sat, 12 Apr 2025 07:00:00 GMT"
Is NVIDIA Corporation (NVDA) the Best Aggressive Growth Stock to Buy Now? - Yahoo Finance,https://news.google.com/rss/articles/CBMijgFBVV95cUxOdFJxRXpWeFhnNl9tRHpLYmNvN2d2WGJ3aGNEYlNwWlBuYWd3UUpXYzhkSEVTcERkVjJ5VUo5cFItalM1T0FvODJGNWtLRHprVmEyT19QNDBpRHlMS0VSYU1MWXZ5QmR5MWUtN3JWZHo2QXdBTUVCN1kxS0ZvdTF6Qzg5RGpDb2JKaTFTQ0h3?oc=5,"Thu, 24 Apr 2025 07:00:00 GMT"
"Nvidia (NASDAQ: NVDA) Bull, Base, & Bear Price Prediction and Forecast (May 1) - 24/7 Wall St.",https://news.google.com/rss/articles/CBMiogFBVV95cUxQYnYyZEl3UmxDVHFlOXFLUWlLMDVFMmE5YU8zSlFPZG8zbm5jbGRzYnZvSHRwWm81LTJRUzhxcGtZSTJkekF6U0pWa2gwSVpMY3RzWFQzNWdJUFFORkJOT2hwMEYwNTBFVjdYTGQ3X3dubEY1ODduSmlDYnV6MkF4YXdIdXBSZldUbkI3V1UxNEN1TUg1U1UzazFaZU00YWcwM2c?oc=5,"Thu, 01 May 2025 12:15:47 GMT"
Nvidia's Stock Is Trading As If It's 2022 Again (NVDA) - Seeking Alpha,https://news.google.com/rss/articles/CBMihAFBVV95cUxPS05yVmRPVDBIa1hrTC1IQ2JDcnFOYmF2dXk1X294N05WZEliQTcxc3NGTlU3cF9TX20wNHNOVktnYUNXMC1iMGFQOEhUZzVGWlRGU0lXemFRQ3ViX2tHcFFxYWV4VzlHN1BIU29kQVRfTVRBU0VnMnNaek5TWmJOWDhSazQ?oc=5,"Fri, 25 Apr 2025 07:00:00 GMT"
Is Nvidia Stock (NVDA) Just Getting Started? Amazon’s AI Spending Ignites Fresh Chip Rally - TipRanks,https://news.google.com/rss/articles/CBMitwFBVV95cUxOTkVGelRNazNwSTFmNUFucmtqTlJqVU1lODRuNEVHTkdUX1hNUy1oVHhaNjBGM2s3TTRpSldhMGM1TkstVVlucVdoNm9pMEVXUjlmTmJIN2I3Y01rSG5CWVNQOWUyRmRuSTd3N3V2ZzhQZ3hXeVc5NDZjampNMUNuNE55MURQWmpxTFJMR3pYTUVTTUptcnp3b0Vjc0tmeFE0cFJhM01MT2h1akRUXzhfMnNmN2RESEE?oc=5,"Fri, 02 May 2025 10:55:54 GMT"
Nvidia's Biggest Headache Comes In 30 Days - Seeking Alpha,https://news.google.com/rss/articles/CBMiiAFBVV95cUxNVWI0eXY1OExTVVh3WWlWakx5X3ZGbWVsczVkUzRreF8xcTFBSlVoR29aSFluLUNsMVdSd3YxZjk3WVRfQThzM2Y2c1RTb0VWd29kSnpJT2hDMnZsT2JNZ09TWkJzdm5Cc3lCNlRuWE5VZVllRFhRcGFNVHE3ZGo0NS1DUjNVd1FJ?oc=5,"Tue, 15 Apr 2025 07:00:00 GMT"
NVIDIA Co. (NASDAQ:NVDA) Stock Holdings Lessened by Alliancebernstein L.P. - MarketBeat,https://news.google.com/rss/articles/CBMivwFBVV95cUxObTl3TlFkMnMzY0VMZHFpempETXB4T1FSdWNLUU5IMXg5b0h4aVZ3XzdtZnp3djRteUxOdFA4QXMxQzdiNmd6eWFnQm5JTUZiMF9vYlloRzNVN2YyM2YxaXdiamtrUDk3Rm0wZmR6d2xJZGgyZWFIRDlMbF90RDlEZkdhNTVEOFhwWExYWjFKMUw5dFBBZWxVazI3bW8wcDVNM2stWXA1dDBMcV9ZeXN6ZW8xZWJTaVlFbFZ3WEN6QQ?oc=5,"Sun, 04 May 2025 07:10:15 GMT"
Stock Market Sell-Off: Should You Buy the Dip on Nvidia Stock? - The Motley Fool,https://news.google.com/rss/articles/CBMimAFBVV95cUxNV3A4a0FHUEhrUFM2ZHpSWk1RUGI1enN1U3c1b0NMUWhIdmZDd1M4bklWRVc3U1lRQjlUeURWOXVLSFVENE9JUDNPdFNTMEcxWU5nWEgzVXVMLTBLRWxiYTFUTnBMRmt6NzNLR3FiZDZmX2g5WGoyXzNuWXZTd2pXN2R5T1dXRDY1ZFBxU3pvOEhVY0xGci14aQ?oc=5,"Thu, 01 May 2025 11:45:00 GMT"
1 Artificial Intelligence (AI) Stock That Could Go Parabolic - The Motley Fool,https://news.google.com/rss/articles/CBMijgFBVV95cUxPZWx6VmJnM2VCZGoybV81MXVQUXV5Szh3b3E2YjZFZHh6ZFhTWHlaeU5WZ0lyUkFGY1Jyd1RWTS14a0gtcXBrakRtQldMWC1fSTJnS0ZWUFZoNm1uU0tkWnd5SGk1YUxHU0NnWU1wdXh6S1lULUswRk5WZkp6U3hzU2tsdUJvUldncDc5RkdB?oc=5,"Thu, 01 May 2025 15:00:00 GMT"
NVIDIA Corporation (NVDA): Among Stocks with Consistent Growth to Buy Now - Yahoo Finance,https://news.google.com/rss/articles/CBMiigFBVV95cUxOQ0U2MlY4eDNJY2ZyWHZ5bU9JR2FveE9SU2t5WFlFS2xHN2c5TEFRM3dzTzliTmltdUxtTWNjQnpSejdyVFBkNFA1TkVFVl92QVFJNERpRUJ5LUdBR05EZWF1d2VFQXFBa0g5dmFMaWJfSjhvZm14ZnY2SENvWEgxNkc5T0U3clkxQVE?oc=5,"Mon, 28 Apr 2025 12:16:48 GMT"
Is NVIDIA (NVDA) the Best Machine Learning Stock to Buy Now? - Yahoo Finance,https://news.google.com/rss/articles/CBMihgFBVV95cUxNbFd3b2RZNUJBbTBGWm5Ca2tiVkpJY2JkSkVNdWVJUEUwVVlGQV9zeWN1YTMzV1hGTUZPaDhtN1JyRFBUVFVXMHhIcU9Wb1VGUEpqc3lZZDJoRWNZdGZVdl9uUFJaVk1kMGlJTmRsNUI2QVNhLURjRUpVV3VzVDhxTDVWM054dw?oc=5,"Tue, 15 Apr 2025 07:00:00 GMT"
"Stocks making the biggest moves midday: Plug Power, Nvidia, Peloton and more - CNBC",https://news.google.com/rss/articles/CBMilAFBVV95cUxOMGdxMDJIeW9oSlhIZzVFUjFINFFlRVZKa2RHYnVOTXZXYVRDLUdRcG9iemFNclV0bEc4NFdncDJsY3J2TG1GWnFoQndmZ01OZXByMkFlX1BjNXlaZXpKMTlDNE1DTl93RFJkX2VVZmkyUnlIM0g4RHNYbnZwWUF1OTZ2NDBid1Q0QUxud2FlQjM3bWNH?oc=5,"Mon, 28 Apr 2025 16:24:01 GMT"
"NVIDIA Corporation (NVDA): Shielded from China Tariffs, Says BofA - Yahoo Finance",https://news.google.com/rss/articles/CBMijAFBVV95cUxOb2t5VWduYWpEWlFBWWFXV1hjZFRQV0V0NW1qUzRGS09UTE12eEdBcmc2dE4xVkZPWGp1eTc3RXlvSmpPcExPekdaczRyTTMyXzFPbG4xX0ozVVE5U1liWVhJTzd1M0pmUV9XcUxRVU9YR1FtUkFpTXFLaklOZVNEUG5zSEZIRHplbzhWaA?oc=5,"Tue, 15 Apr 2025 07:00:00 GMT"
"Nvidia, Visa, Domino's, NXP: Stocks to watch today - qz.com",https://news.google.com/rss/articles/CBMiggFBVV95cUxQMlR4bWJ1a19iVHc0SjRlcTkxTk9kRUR6N2hqT3hHNUFvOXhSSzNKb0ZKNHN1VlVPVkt5VFk5cW50VF96Q19wVnk5bUNtc1FBclhFd3hYM19PdTRxTmo1QjJoMWdUYXdnY3duZ1k4WkdYLUtua3o1czZPbzA0cWhkYXJB?oc=5,"Mon, 28 Apr 2025 13:02:52 GMT"
Nvidia (NVDA) Plans New AI Chips to Avoid Export Rules and Keep China Business Alive - TipRanks,https://news.google.com/rss/articles/CBMisgFBVV95cUxOZjVFREN3QVc5MDVrMHpTRkgyUnUwZUpQVzFrQkxmeHlGc1dnTWtacDhrdXBNcGRNSGpheW5hLWxTZ2JURml1ZTQ1RWhLc2Z0LXNoNk43WFVxRUtadVdjSUpfUTdPT3ppSkJKa2hGWXNtQnoybGpLSzFIR2V2UGRFU0xrRGtlNG5XOXJDTWxHSlBGVDZVWmZmT2x0bDNXc0ZYMHlCV0xJQjlmbDk3UTM0QXJB?oc=5,"Fri, 02 May 2025 14:54:24 GMT"
Stock-Split Watch: Is Nvidia Next? - The Motley Fool,https://news.google.com/rss/articles/CBMigAFBVV95cUxPWHJGWko4R19kd2Q2VzhackdHQUE4eFU1TTlhNE9ycTNPNjRZa0JVTVpqd0pzck9TN2FMNlFhRjUtTHJnV3l0Y3RYbjNfVnJ2VFJDczQzSzMxMGhFWXl5RjIycVl5NjRCcmlNSkVvVUJMTVplRzBGNV9WZThTSkxJNw?oc=5,"Tue, 29 Apr 2025 12:11:00 GMT"
Nvidia Stock Is Sliding Monday Morning: What's Going On? - Benzinga,https://news.google.com/rss/articles/CBMimAFBVV95cUxPNmt5M05Vdkg1a1JHbVBwTlRTa3dFLU95WGhFUWNBTEEwVVU3VS1nQ2JIOTBWZk5WV0YxYjZmVU9KY0RpTV9oTTBMSDZZUnZlM2RWVGJaUWxwLXlFaDlPYk9uUEhQNGxncGVRWnRCUG40WmRaTWNoeDlWOWY2ZUZGYTJHZFlrLXR6ZUVoMVo2UkkxT1hfY1VVWA?oc=5,"Mon, 28 Apr 2025 13:18:36 GMT"
Analyst Says Hyperscalers Won’t Stop Spending on NVIDIA (NVDA) Chips ‘No Matter What’ - Yahoo Finance,https://news.google.com/rss/articles/CBMigwFBVV95cUxPWGUtV1hSdnVOdzBOeXJ4bmFGQ3NVT2lxWTk0ZWVxTjhlS1VvWGxJZFdyaC1YYzBlcDExZXJFQmNpellQM2hQZ2Y4emdFVzN4ekg5dDZWdWRkV2NlN2ZWMWJ3Uldhc1o1RDE1YTJkNkpFZWdVTEMyMjVaeTBHUUYzSE84RQ?oc=5,"Mon, 28 Apr 2025 15:25:29 GMT"
NVIDIA (NasdaqGS:NVDA) Elevates AI Security With Trend Micro Partnership On AWS Platform - Yahoo Finance,https://news.google.com/rss/articles/CBMihAFBVV95cUxONk9tUXEtelN5dXp3RmJFRTN5elRLMm9IT2tudm1JcjdrV2hubEg5endLTTFIV1VCRE4yRUlralBycWFXN3ZZVi1TZzhMNTk3dkYycmo0dXpkVlJmNUhKYUI2NG5jZldzUnlxMWVDaENxQ2JGOWxsUUliSW13NkJ2OXBJcHU?oc=5,"Tue, 29 Apr 2025 17:29:39 GMT"
Jim Cramer Thinks Apple (AAPL) and Nvidia (NVDA) are Tougher to Own—Is He Wrong? - 24/7 Wall St.,https://news.google.com/rss/articles/CBMiuwFBVV95cUxNaWZRclNnY1diNXNGdnNMdExTRlkwZWNNdTg2c0QzNXRIQTZtWGFFZEtDTjZlVU9ENUZLV194WGNhTDBqbG5iRWp4bFJWUmdtdTl6Zml3elV4WmhBc2ZUVlRKRHByQ285SWVfNFVHX2FwT1dkYnRvYWJ3OEtkSzc5QnZxNU5Sa2Q3THY2TVAtUEhyNlRUSVlBa0dvWjZsMV9rOTZTMGZKaEhPZVI1ekVfSl9aUC1lMm1NeHBZ?oc=5,"Sat, 03 May 2025 13:47:35 GMT"
NVIDIA (NVDA) Breaks Barriers with Advanced AI Networking - Yahoo Finance,https://news.google.com/rss/articles/CBMiigFBVV95cUxOZFlOWURZZlRldWpqTkZTTWtuVEhRZmNaczQyQndiVDlZZXZXWnNLaERBMmdodFRNM2RzSTYzUksybW0zN3lfWVFyTTRUTTB0NGViRXhkMkx4eGtBMWI2RV93Q2QwRHNPWEVpUVJNcDNoUEk3OC1fd2xFbFA1S0pwTy1rWG45WUUwaFE?oc=5,"Mon, 24 Mar 2025 07:00:00 GMT"
Jim Cramer on NVIDIA (NVDA): “NVIDIA Got The Exemptions” - Yahoo Finance,https://news.google.com/rss/articles/CBMigAFBVV95cUxOa055Y1gwbDZVblIyRHk3Ukp4czJaeW15UnJNd2Q4dExrRUVBalZQSWYyVjVzbWFQVTg2NFRPUk5YWjdYMXlDR2V3WWV0SzZpTjBtU2VTTGp3MjNMY2JXNGdGT0F2Ym5Jb0J1TXdRbmpqeDl0SVF3Qy1aRjBRb0RyYw?oc=5,"Mon, 07 Apr 2025 07:00:00 GMT"
Nvidia Stock Falls. Here’s What’s Weighing on the Chip Maker. - Barron's,https://news.google.com/rss/articles/CBMieEFVX3lxTE56T1dOeWFWNXZWMEFaWmI0MGxTeDRadGY1RWdFQVhRemY1MnJiZWZJUGsxZUFKOS13MU1kYnJuZVo2TXQtanJfTlVnOUdxZHdnOU9QZThtbWVFRklWbXRJZmVEcnR1MkxJRjE4dFlQdzJwdHlVeHRmbQ?oc=5,"Mon, 05 May 2025 12:58:00 GMT"
Nvidia (NVDA) to Lead Computex 2025 With AI-Focused Keynote - Yahoo Finance,https://news.google.com/rss/articles/CBMiggFBVV95cUxNc0Y1UEVjRTQ5QV9ZM1BoZEFXbEhPeXhxdHNlR0dvMEp2a0lzNUJHajZoblZTUVVVb1FVT0Y1RDFVM1pSMHB5MUJ6R0tJYnBjN0xiWjhrT3hBbFZ0QUZEN2Rhc3EyM295T0xuZ1hyZGllQTY4bGZ6bmExRDdjcnRjakFB?oc=5,"Mon, 05 May 2025 12:44:22 GMT"
Nvidia $NVDA Eyes Adding Bitcoin $BTC to Balance Sheet: Trading Implications and Market Impact - Blockchain News,https://news.google.com/rss/articles/CBMiwwFBVV95cUxPRVEzVENQa1VwYmxPY0xKcnZsSUlYMjFOTTAtS043NnV1VGV2R0pHWnpMT011QWtTVDI1UjU1cWVPZV9XOVozT0wzNkxoSUx3S3V3N255WVB4ZElzaHFUSURrS3hfa1BuX0JVYlRLM3J2c3FnMjFVbjNZb0RRYzZXZ2JiMzcxNWpzS3hGd3pQN3M3ZWZPd09aMm5aakZwaEZIVEZWM0dmMDBJdkxmRUJEb01aLXZUd3ZzSWtHMmg1ZUp6ZWM?oc=5,"Mon, 05 May 2025 06:15:24 GMT"
"Dow Jones Futures Fall 270 Points On Trump Tariff News; Nvidia, Tesla Slide - Investor's Business Daily",https://news.google.com/rss/articles/CBMiugFBVV95cUxPUTRKbFRDM3JobHMtT1ZnY3VaaElIZm9GSWZDa1UwYTkyQkRQUzM2RVZIUk5ZbXNJczNySk5wUVZOMmhSOEJBUHVhUk1FVlBxSzZVX19FQ3hXOTNYVTlsRGRWOXFFM00wTWpJR21jdmZEYTNWOGt1clRpc1VudlVzWVZUelBFX3MtdXUtMG04UTdrbjczTk96dXdSWGNXQnoxdHI4SkFvNnJzZ3Iwa3RKWGczMkt0V05zNWc?oc=5,"Mon, 05 May 2025 12:05:00 GMT"
Is NVIDIA (NVDA) The Best Stock to Buy and Hold For 10 Years? - Insider Monkey,https://news.google.com/rss/articles/CBMipAFBVV95cUxPVTcyRlgwYkJPSDVDVTJrQWJTUHJ3dS1DRTRLMFRydW5mYWpidUR5TFFvNzhzMERkdzdTZlJpWmVSYVZQMjBpVnFWZ0RlaVBpQUJyVncwUWVmYk9mVkxFU2pLODBVdnBIaWs3SG9Zd1Bjd1o5cElPWTlMSUpwVFpoRFp1WmwxT194VWdzU3YzcnpUcU12dTlMWmlhdkFCcHRiZVc0NtIBrAFBVV95cUxNaml4OWhOTkNZRzFXYU5raGt4Q09rb25kcHRaNHVPRlBDNkhncVlJLW5SR05XeFBPWVRjR2oyYkR2cVJrbHN2c2FXNTBkY3kxYlZ6Vjc1MHdWS2tTanFZU0RZQm1uWjAyYTM1NmpnYVEyaFRqVlhhc3o4elhPX3FGeEFVV0lUQmhlNG9HR2gzNnJnVmlmVkVRa3NuUDVWT2ExZW1CaFdoN1R5dHdI?oc=5,"Mon, 05 May 2025 13:24:16 GMT"
Piper Sandler Comments on Sensitivity Analysis of NVIDIA (NVDA) DC Revenues - StreetInsider,https://news.google.com/rss/articles/CBMi1wFBVV95cUxQZjNxbXRXRFRVWkpObnFzMHFPamRWOElXdDlzTnQ0MXpIbkd0azBUYnVLT2hSVmhWVk9LOHZkMDAtOTZyQ2JEZkxzR0hkdVBuek9zT1BhMDdDME1nLXRPNU5wLWRYVTdsTGlUUjRONkQwRzROd3ZtQjhvTDR3WFdkSWY3bEVPQUZ2VVV5X1Z1NHJhcThqQkJvTm05SDU1RVFjRnlhd1BNUmFwb1cxV3luRXRVek5HOGtUMDJEUDdQMjRxdTFhTGlTeEhia0tzZ1o5OXhDVjNJQQ?oc=5,"Mon, 05 May 2025 10:25:32 GMT"
NVIDIA (NVDA) Stock: Wall Street Says “Load Up” Despite Monday’s Drop - MoneyCheck,https://news.google.com/rss/articles/CBMikAFBVV95cUxNX0dkRkVCX3FIUjJod0RTaVE0TnVDVlFSRnBadHZuQ1RqVkpCdHN5UGM3bC00emFHRnJFa1JYVEZMcUMzSmRrTTgyV3Y0R1V4RzFhdFFjOTlWX2pnbmZTSGpXWXR0VTBZdGhLSzNMaDZ1M0VkSzFObWdmRmpGSVp6LVhiNzJxdGFBbGlnd3pFM1M?oc=5,"Mon, 05 May 2025 11:43:53 GMT"
"Stock Movers: Berkshire, Netflix, Nvidia - Bloomberg.com",https://news.google.com/rss/articles/CBMirwFBVV95cUxNM1JTMTY2OHRpMndiVEREVWhYZ1dJYUZ5UFZJVk4tbWFvN3VLQnVaaWlKVV9USzlnMmxvbGUtVW5OMWlDYUpHUXlnTU1pdzVYWVBvSVNZT3lsUjhhSVBHWE5tOUZZLVc0Vy1sRldrTjc1V3phTWhZd1dUMUN3OEVqaG1XVjd4eUlMamlpLVZyZ0dyUTdoeXlPWjFBOVluZUI3R2FYQ3RkNWxMMzdGcEtz?oc=5,"Mon, 05 May 2025 11:16:44 GMT"
Nvidia's Growth Premium May Be Mispriced (NASDAQ:NVDA) - Seeking Alpha,https://news.google.com/rss/articles/CBMihwFBVV95cUxQLTJvdTNLVHRwM2FSZ2FlYlQ0bS15dlE2d09nTldtYXN3Ukw4emx2Nmt5MmtLVFNsSW9EVVlRbUxLVlBZQjV6NnRjQ05oeVdubm1uUDJTcVFIVXVIRmh5eWVKUUllNUhNSzBKbnVfSUktN0FkMnlQMFc5Mm0yZGhkWUVtMXpObHM?oc=5,"Mon, 05 May 2025 05:20:00 GMT"
Nvidia may see 6% impact to data center revenue in 'worst case' scenario: Piper Sandler (NVDA:NASDAQ) - Seeking Alpha,https://news.google.com/rss/articles/CBMivgFBVV95cUxQMGRKRzQxR1h4aktRZ2hoeGVFekZDeDFNSjA4V01iQjBqZ3d2X3BfVXAzeUg1ellEdUZxdHdmSHpQakNsVk9NV3hjQWVGRi1EYi1feHMyYnJyb0ducW1IQ0Z1MVI0eWNRb0l6cVNNLXpZbXVaa1psQklXdjBCRWJOdk14R0tDX2xTQ09LalhGQklfdDdFUVR2UGNmdnRqM01pTHA4c2VTaWstd3NhenB0bktEdmQtYVZZdnAwNElB?oc=5,"Mon, 05 May 2025 12:46:00 GMT"
"Stocktwits Announces $NVDA, Michael Saylor, Vlad Tenev, TradingView Among Winners of the 2025 Cashtag Awards Presented by eToro - TipRanks",https://news.google.com/rss/articles/CBMi9wFBVV95cUxNMjlsbnlKSU9qeDlsM25tQnplWUtHZUVnU2o3TkFEdkJMOHZWakxNQjVhMXpZeUpzUkpySmVPS0pWZVJkNjgxWlFTWjBFcmRkYlJpckZUcWtJUmNzSEhQd0FMOC1jbXBscUFXZjJGeVdXaHJjSWFLNmtvVjV0VWFPbVpORnVwczd4YThqUDBvbHpGVGlYMDR3NkhndjBLbkg4TjNIVVZZQXUtRDNtcG15RzNQc1ptTlNVejNYdi1jempsSUJUekRpaUxMWFV5aWotcEZLejY3NlNjNEd2QktwYlpvNk94b1NHeXloNFNWZEplZ3pZSXAw?oc=5,"Mon, 05 May 2025 14:08:46 GMT"
"‘Sell Nvidia Stock’ (NVDA), Says Top Analyst - TipRanks",https://news.google.com/rss/articles/CBMieEFVX3lxTE5oc1ZhWVNsOUIxNFU4V24xTGltbUFTNW5FWXRIQnRDZU1NX2tZenZBMjBIVFM2UTFQM05UUzlFSGJ5TEpsS2kyaVBzdEgydmtOVU5LeFJZM2JSelNYU2MwNkpsT2RzRkJUSGVNZnVSb0E3bEstTUJTZg?oc=5,"Wed, 30 Apr 2025 15:26:57 GMT"
Nvidia (NVDA) May Benefit as U.S. Weighs Easing Chip Curbs on UAE - GuruFocus,https://news.google.com/rss/articles/CBMiogFBVV95cUxORDJGajB3d3R3UUxfVjVrbFhXSW5UT1FXVldOWG1MMVF4TWZ2Y3FKNHVfVHpNbEo2WjJGbjFUZzgzVHZtdkFwVHNKQXhDTnVBZENUNUFHRnh1RDlKZ1N0VFhybUNxeDJ3cTNrRVZCSElNNGV1SlFIdTNhN1FMT0RNX0Q4emFxLWlzRm5OdEhidkpmX0NfcWFqbXdqVkF4Mnhic2c?oc=5,"Mon, 05 May 2025 12:27:23 GMT"
NVIDIA Co. (NASDAQ:NVDA) Shares Bought by Westpac Banking Corp - MarketBeat,https://news.google.com/rss/articles/CBMisgFBVV95cUxNZjM0b1Q0LVlxeVhzdVFaSlg0VHBTa3p1dlZMeDJCNGh6VGpEYjJWaUlIdE9DT1RsZHF2WW9zdndZNGc5VmJkdzFBZGF3WlI0UjZadmY5WFZSSGZmcldJRnJPdmlrQlpuSU1laW1OaklfcFpPM0xxdUhKSUN2V3Z2YmIyVnFFZGE0bGY4Sng0SDJUMDNyVnA0anc1eUN0eEIzR2EwTFRueFdablFrNFBCOXp3?oc=5,"Mon, 05 May 2025 07:16:02 GMT"
This Week In AI Chips - RetinalGenix Gains Ground With New Laboratory Lease - simplywall.st,https://news.google.com/rss/articles/CBMiywFBVV95cUxNajkySE9TYzkwUjNUWDRGQ1dTeWNzbGNkdnkzek1zQ0xRaE1FckcwMERoRWJpbUV6QV83MW5XS093bGpsY0RGa1RmMzFCeTZLTHhuaVVEbDVoNkt1UUNGdEhhRHdjTGxXUkYzQklyUjVmVjgxcVlCWEFLRGhOajZfUGpXNXUyTGFfSjc1YVFfTnI2LVlGSk1jbjU3ZllISW4xSmV3QjVMV2pObS0tZzJYZ1pLdTRWa3Q1WEp5a1R1ZUpUS1A2b1Fqa2NBSdIB0AFBVV95cUxOZGN5RlFsdWlJZlVIeHI2N05JeTY0YmNpSEVBSEJZT3JWTkNaZXdOa1F1dW1PMFFJLWlCV2FJRll6eFVyTklPUGlxcDRnekEwVXc5QWhoajBOY3RoazctNDZuU21FUG9oa3h6NjZtVE41eVBtWi1ubkpfS2FmUVloQTNXUldzN08zclFnUDVrT25XQjJaTjE3SUN3VXN3SHk2eUxFc2Y4d3B5cGxWQ1BmZFlnUWlHNTVOMTROQ2JMZlF6QWdMTHFkRXlvSzBEREox?oc=5,"Mon, 05 May 2025 12:35:23 GMT"
AIA Group Ltd Has $59.02 Million Holdings in NVIDIA Co. (NASDAQ:NVDA) - MarketBeat,https://news.google.com/rss/articles/CBMiqwFBVV95cUxPUjJFdXlzMHpFUHJaWnpQQkJNaW9Vcm1yNjhXdDRHZFFDS3RZc1NKYUNwVk9ERTBNcHY2VFgtWHI0a3BkaHEzUm1XYTBXbTNXOHJ1WFc0VWJCcEZ4WXdQN2kzMzd3Sk1XSk44X0l6MTJETkRpUjB5TjVDeWhsZlNXbVpHRkhZUzRZN3oyZ0JMMXpQd3B4UjB6dGdqc2FFVjJHWTVhNmF1eVd0aGs?oc=5,"Mon, 05 May 2025 06:49:45 GMT"
Nvidia rumoured to be weighing Bitcoin addition to balance sheet - Proactive Investors,https://news.google.com/rss/articles/CBMi0AFBVV95cUxQSVRIcXg0VngwS3lGNVY4cGtJeTdpcXFlb1gwRVoxNU1wWkNpQmQtVXpla1l3VFBBUnJyRHQyZUQ1T01XTXhTLW56X19rOWF0aUZoYW1DeG9EVXlQek1zVTBheUtCSDZEM1dnbXBObEkwVzE4bmUxajdUbnpqX3gxSF9xM3FkM3JmdkZhZkJTRWxVSUxZTDBuU0Jzd1FFc2ZRa3FaMnBIRkhqM3hwbDFXYUNTQ2ZjVkROaW0xOGRqcm15czRNcVNUM2l3LV82SEoz?oc=5,"Mon, 05 May 2025 13:43:00 GMT"
SevenBridge Financial Group LLC Raises Stake in NVIDIA Co. (NASDAQ:NVDA) - MarketBeat,https://news.google.com/rss/articles/CBMivwFBVV95cUxPeHZCaGdwYzRzT2RzMDZVLUhYbFlvWG5GSGF6UkNEVDd0aFBRNmE5S0dPdU11WGE1QnRRQVNQeDNiRjVFYzhrVFpSUG9FVFFxaUNSMFhLdVVPcTd3aFhjSEY4eVVQWmVuMjNBc1ZIcmlVbXdWQjlkTUppbVR3Tk5pZlZ4TjRjR1Vjc1BBc2Vvb3VtOWoxMU1hcHpCbWtZeDNKaVZhLUtaMXRFRFpaMlBrVFllbnlhWjIyVjVSYTVFUQ?oc=5,"Mon, 05 May 2025 07:16:02 GMT"
"Trump weighs easing Nvidia chip sales to UAE, Bloomberg reports - Yahoo Finance",https://news.google.com/rss/articles/CBMigwFBVV95cUxOWWlXeThUaG8wZUR3bUplc1VYOFZJTjFJQnh2T01OVHFfc3lrUnFQOVJtRmd6STJJRUdUOG9hRTRPQUdDUkdJNXZkaHJCc25ic3VvZ2RmRFB4akZtbHY5S3RWVzlCT1FnYUU0WlFZdmRONXVlSUF6andJS0FjR00zQ1Nscw?oc=5,"Fri, 02 May 2025 15:25:50 GMT"
"Stock Market Today: Dow, S&P 500 Turn It Around As Soft Inflation Report Trumps Economic Contraction (Live Coverage) - Investor's Business Daily",https://news.google.com/rss/articles/CBMirwFBVV95cUxQd1NxeGJENV9yaW5yYjVReVIwRTVsV2dmN1lFSnFyTk5rZkd4SGljSHFGYUh2QmpseHRKWVZNdEh0ZnNRalNJa1FXT19PSklGa09xeGwzb2tCLXpULWs4S2hhbWVBMFpOSFB0NUhUOXMzd0FnZXV0aEhpa19OOVY4TGx3T01yX0ZWWEpDcEV4WVFwVlphSmJJNkdHd3h5UVZva193bmZTWFViakNJdWxz?oc=5,"Wed, 30 Apr 2025 20:20:00 GMT"
Where Will Nvidia Stock Be in 4 Years? - The Motley Fool,https://news.google.com/rss/articles/CBMif0FVX3lxTE1XSWtnVm93bHFPX01jamMyNE1LSmZ3QnRSNHowdnBOQmdNMnl0TTVCdS1Fa1RBSW9mMXUxZ2M1eEtJcnNoeEFQdzRLdDVDNEl1cTV0OHJxSjF0ZU9lY2QyWDFwdzZ4QV81bXNBZGZjaDhMZnJMc2h0cnBFOUdtRms?oc=5,"Mon, 05 May 2025 10:00:00 GMT"
Nicolet Advisory Services LLC Grows Stock Position in NVIDIA Co. (NASDAQ:NVDA) - MarketBeat,https://news.google.com/rss/articles/CBMixwFBVV95cUxOVGlsQnJ2LUFMYUZGV0hFOWNXT0tXaTVUOUVJWk9pZkZ6WFVYSXN0cHZWS0hNNlR2dE5jeVhkVWQtSHRJaHppMUZJU1pqSm1NWUU2dDRuWVYxXzBLdjhIaUVxdXhGdDJ5Q1hvTXM5Y2JtLU5pNzlGUHdVWWpQV2dCUlY2aEt2blllNlNUVUUxdFl0bDYySGJCM3VZdUpZSVhOQTZuWDFpSHNUQ1dudDFVbUNQZ2xaUjk4R2c0TGoyc2lxSnNWVkFN?oc=5,"Mon, 05 May 2025 07:16:02 GMT"
NVIDIA Co. (NASDAQ:NVDA) is Motley Fool Asset Management LLC's 2nd Largest Position - MarketBeat,https://news.google.com/rss/articles/CBMizAFBVV95cUxPTzI1UE0xMzYta0s1eUcwQnRtYmEtbmI0cDFTR3RpWHRfblBCaEI0NUg0UllYV0dkRUh5S25sWDh5QnFPUXlPNjBxQ0dBMkFxQ0M1ZjV3VTBnNF9qb3hFSU1mZGg5M3VWUWJEMVE2dW4xS0VhV1cxMGxOcXcwZ1hXQUhhV1pmNlRYcUg2dTBmSDBQSXlXZFhhSGRvWkg3YkNIWnQ0VE5qZ3VPdVVlT3pFdVZMVzF1bVlyRXNaUFVZMENvRmlLZVpodXcxS0Q?oc=5,"Mon, 05 May 2025 07:16:03 GMT"
NVIDIA Co. (NASDAQ:NVDA) Shares Acquired by Allstate Corp - MarketBeat,https://news.google.com/rss/articles/CBMiswFBVV95cUxOTTU4czdJNndzWkcwMVZHMUVETFF1Y3RmaHZHZDB5cFVCSmZnV3VBMU04SGZRLTc2M2NVbkZmM0lZVmtHeHNaZkI3Q3R1UmM4aGc3Z1ROZU5KVmhneVBFY1dUUkpocjc3T2NuczhPcEVWVW8tV01yVGEtdHBZNGxMQ2QyZDVmUFFNZ2ROZEF0TG4zQk5DSHk2X1FWLWVacUNZdkxrbV9lYjhBVld0blB1dHh3Yw?oc=5,"Mon, 05 May 2025 05:25:44 GMT"
"Nvidia (NVDA) Stock Quotes, Company News And Chart Analysis - Investor's Business Daily",https://news.google.com/rss/articles/CBMikAFBVV95cUxNX2ZhLWp6SHRtd2ZSclFXaEZlbHM2Tkd5c0tVWUp4dWRDVzU4eWkyMTU0a3Q1bWtCLWxkQzFqbVkza0R1bXBhZV9JaHEtOTBDRW40M3VpY3czQldHRzhwbVQxQXJmR1gxV0lpNEJSX09PdlZTdTczLXpZOFZ6LTBPYXgyamdHa0gyNTQ1ZTlhVVQ?oc=5,"Thu, 01 May 2025 12:04:00 GMT"
NVIDIA Corporation (NVDA): Among Unknown Billionaire Phill Gross’ Stock Picks with Huge Upside Potential - Yahoo Finance,https://news.google.com/rss/articles/CBMiiwFBVV95cUxQSW1FVVFLV2MzbU5fVTB3dzAtRmJwVnBtRUJpejE5czNmVUEwMWphOW5nUzltX1VpMm1xMks0QXQ3aF9PUEFZcG1BUWZ4dWpDUWpNLTVEcjNvbWhXbW12Z3lKRzYtVldLQm12b1owdkV1QzZJc0c5Z1daQzJxSk5wb0VMOFZMTUVPX3FZ?oc=5,"Mon, 05 May 2025 14:30:14 GMT"
"NVDA, AMD and INTC Forecast – Chip Stocks Looking to Celebrate Potential Talks with China - FXEmpire",https://news.google.com/rss/articles/CBMi0wFBVV95cUxOT1BpSFJoQzlKMEoyTFJuOW1sQXhhLU00UC1vTUZqY2F2bXFtSFE3VEx0X2RPNmluMVBkNzhfckVObUF2UTZ4YzFuLUFGZ1FkOTBNWDlrV3BWblBjbEpyUzNXZmdTS1VCcUJsWjJQYjhSZExlTTlQeTJnZUl1ZkZ3VURaTnNndXgxUlUwa2JrN204WnU1YkJvOG13Ml9xYmZua2JuOXNMQmktYkNMNS0zYXozUklLR1BaOUdIeVNHY09henliOE5qMk14Q3ZPT19Ya0sw?oc=5,"Fri, 02 May 2025 14:25:00 GMT"
Nvidia's New Challenge: US Lawmaker Wants Company To Track Its Chips To Avoid Smuggling In China - Benzinga,https://news.google.com/rss/articles/CBMizwFBVV95cUxOZlpMZlUzbGRZYVBGM0pydC1kMVAyQTJxQnRCTWQwcVcxNzctcW1ib0dwQUFuWnJkd0NtTEpuMl9nOUxCa3phME0tajBPQTNIQ1dxU0E4cUdLRFNNbW5KUGVwZVpGMmJEVzJDWjNDZWZFVk9VQktRNWVneGN0VjdXVjNKd2JYNHkzcDgyYU9DejdWdVRUMGQwR3ZnRl9xbDZqaWNRRHgxRFFUcklEYUNFRHNYck11akRIb3BCWnpGek52VndqWFFPdDFJZGpEWGc?oc=5,"Mon, 05 May 2025 14:36:58 GMT"
Big Money Is Betting Against Nvidia Stock Even as Sentiment Improves - The Globe and Mail,https://news.google.com/rss/articles/CBMi7AFBVV95cUxQaGFuZWNPMEhSSHAyallmM2QtZ1hDU1BrWTJock5kTDN3QmR1cXZHLWJGOWI5WmVYWGYzRnk1MGVfYWVuYm5YWHF2TTVBYWg5S3NnV2U4R21RM2N4V0NHSUxXcWl0X3dmMjl0bzVxZ2ZOMjBJcUZDejI0cmllcEtXaC12S01FOGc1U2hLRmJ6NXhNRGJRVVJ0NmtKWXRvc012VWJDRGxOcGx4V0FhcGRuc3BUckpCLTBBdTlodWJiMVFyb2dMSTJKMkRqYVI0dzhHRDB1ODRKTDR1cW9JRzg5Rk9wZGJXNU1GVTBBRg?oc=5,"Mon, 05 May 2025 14:22:00 GMT"
